EcoGas,http://eco-gas.ru/
EcoGasв Белоруссии,http://www.metan.by/
Вакансии,http://www.gazpromvacancy.ru/
Газомоторнаятехника,http://ecogas-auto.ru/
«Газпром»в Башкортостане,http://vbashkortostane.gazprom.ru/
«Газпром»на Кубани,http://nakubani.gazprom.ru/
«Газпром»на Южномполюсе,http://gazprompolus.ru/
Газпромвидео,http://gazpromvideo.ru/
Газпром-футбол,http://www.gazprom-football.com/ru/Home.htm
Газпром-энергия,http://www.gazprom-energy.co.uk/
Горно-туристическийцентрПАО «Газпром»,http://polyanaski.ru/
Информаторий,http://www.gazprominfo.ru/
Корпоративныйконкурс«Факел»,http://gazpromfakel.ru/
Межгосударственныйтехническийкомитетпо стандартизацииТК 52 «Природныйи сжиженныегазы»,http://www.mtk-52.ru/
Мояэнергия,http://www.myenergy.ru/
Музейистории«Мосэнерго»,http://www.mosenergo-museum.ru/
Реализациянепрофильныхактивов,http://www.gazpromnoncoreassets.ru/
Родныегорода,http://rodnyegoroda.ru/
«Северныйпоток»,http://www.nord-stream.com/ru/
«Северныйпоток —2»,https://www.nord-stream2.com/ru/
СетьАГНКС«Газпрома»,http://gazprom-agnks.ru/
Сетьудостоверяющихцентров,http://ca.gazprom.ru/
Системадобровольнойсертификации«ИНТЕРГАЗСЕРТ»,http://www.intergazcert.ru/
СпартакиадаПАО «Газпром»,http://gazpromspartakiada.ru/
Техническийкомитетпо стандартизации«Техникаи технологиидобычии переработкинефтии газа»,http://tksneftegaz.ru/
Техническийкомитетпо стандартизацииТК 52 «Природныйи сжиженныегазы»,http://www.tk-52.ru/
«Турецкийпоток»,http://turkstream.info/ru/
Авиапредприятие«Газпромавиа»,http://www.gazpromavia.ru/
Ачимгаз,http://www.achimgaz.ru/
Востокгазпром,http://vostokgazprom.gazprom.ru/
Газ-Ойл,http://www.gasoil.ru/
Газпромбытовыесистемы,http://www.gazprom-bs.ru/
ГазпромВНИИГАЗ,http://vniigaz.gazprom.ru/
Газпромгазнадзор,http://www.gaznadzor.gazprom.ru/
Газпромгазобезопасность,http://gazobezopasnost.gazprom.ru/
Газпромгазомоторноетопливо,http://www.gazprom-gmt.ru/
Газпромгазораспределение,http://gazoraspredelenie.gazprom.ru/
Газпромгеологоразведка,http://geologorazvedka.gazprom.ru/
Газпромгеоресурс,http://georesurs.gazprom.ru/
Газпромгеотехнологии,http://www.gazpromgeotech.ru/
ГазпромдобычаАстрахань,http://astrakhandobycha.gazprom.ru/
ГазпромдобычаИркутск,http://irkutsk-dobycha.gazprom.ru/
ГазпромдобычаКраснодар,http://krasnodar-dobycha.gazprom.ru/
ГазпромдобычаКузнецк,http://kuznetsk-dobycha.gazprom.ru/
ГазпромдобычаНадым,http://nadymdobycha.gazprom.ru/
ГазпромдобычаНоябрьск,http://noyabrsk-dobycha.gazprom.ru/
ГазпромдобычаОренбург,http://orenburg-dobycha.gazprom.ru/
ГазпромдобычаУренгой,http://urengoy-dobycha.gazprom.ru/
ГазпромдобычашельфЮжно-Сахалинск,http://shelf-dobycha.gazprom.ru/
ГазпромдобычаЯмбург,http://www.yamburg-dobycha.gazprom.ru/
Газпромзакупки,http://www.kgazprom.ru/
Газпроминвест,http://www.invest.gazprom.ru/
Газпроминвестпроект,http://investproekt.gazprom.ru/
Газпроминвестхолдинг,http://www.gazprominvestholding.ru/
Газпроминформ,http://inform.gazprom.ru/
Газпромкапитал,http://www.gazpromcapital.ru/
Газпромкомплектация,http://komplektatsiya.gazprom.ru/
Газпромкосмическиесистемы,http://www.kosmos.gazprom.ru/
Газпроммежрегионгаз,http://mrg.gazprom.ru/
ГазпромнефтехимСалават,http://salavat-neftekhim.gazprom.ru/
Газпромнефть,http://www.gazprom-neft.ru/
ГазпромохранаЧОП,http://okhrana.gazprom.ru/
Газпромпереработка,http://pererabotka.gazprom.ru/
ГазпромпереработкаБлаговещенск,http://blagoveshchensk-pererabotka.gazprom.ru/
ГазпромподземремонтОренбург,http://orenburg-podzemremont.gazprom.ru/
ГазпромподземремонтУренгой,http://urengoy-podzemremont.gazprom.ru/
Газпромпроектирование,http://proektirovanie.gazprom.ru/
ГазпромПХГ,http://ugs.gazprom.ru/
Газпромсвязь,http://www.gazsvyaz.ru/
Газпромсоцинвест,http://sotsinvest.gazprom.ru/
ГазпромСПГВладивосток,http://vladivostok-lng.gazprom.ru/
ГазпромСПГСанкт-Петербург,http://spb-lng.gazprom.ru/
Газпромспецгазавтотранс,http://spetsgazavtotrans.gazprom.ru/
Газпромтелеком,http://telecom.gazprom.ru/
ГазпромтрансгазВолгоград,http://volgograd-tr.gazprom.ru/
ГазпромтрансгазЕкатеринбург,http://ekaterinburg-tr.gazprom.ru/
ГазпромтрансгазКазань,http://kazan-tr.gazprom.ru/
ГазпромтрансгазКраснодар,http://krasnodar-tr.gazprom.ru/
ГазпромтрансгазМахачкала,http://makhachkala-tr.gazprom.ru/
ГазпромтрансгазМосква,http://moskva-tr.gazprom.ru/
ГазпромтрансгазНижнийНовгород,http://n-novgorod-tr.gazprom.ru/
ГазпромтрансгазСамара,http://samara-tr.gazprom.ru/
ГазпромтрансгазСанкт-Петербург,http://spb-tr.gazprom.ru/
ГазпромтрансгазСаратов,http://saratov-tr.gazprom.ru/
ГазпромтрансгазСтаврополь,http://stavropol-tr.gazprom.ru/
ГазпромтрансгазСургут,http://surgut-tr.gazprom.ru/
ГазпромтрансгазТомск,http://tomsk-tr.gazprom.ru/
ГазпромтрансгазУфа,http://ufa-tr.gazprom.ru/
ГазпромтрансгазУхта,http://ukhta-tr.gazprom.ru/
ГазпромтрансгазЧайковский,http://www.tchaikovsky-tr.gazprom.ru/
ГазпромтрансгазЮгорск,http://yugorsk-tr.gazprom.ru/
Газпромтранссервис,http://www.gazprom-transservice.ru/
Газпромфлот,http://flot.gazprom.ru/
Газпромцентрремонт,http://centrremont.gazprom.ru/
Газпромэкспо,http://www.gazpromexpo.ru/
Газпромэкспорт,http://www.gazpromexport.ru/
Газпромэнерго,http://gazpromenergo.gazprom.ru/
Газпромэнергохолдинг,http://energoholding.gazprom.ru/
Газпромвьет,http://www.gazpromviet.com/
Газпромтранс,http://trans.gazprom.ru/
Газпромтрубинвест,http://www.vrpp.ru/rus/
Дальтрансгаз,http://www.daltransgaz.ru/
ДРАГА,https://draga.ru/
Камчатгазпром,http://www.gazprom.kamchatka.ru/
Лазурная,http://www.lazurnaya.ru/
Мосэнерго,http://mosenergo.gazprom.ru/
МОЭК,http://moek.gazprom.ru/
НИИгазэкономика,http://niigazekonomika.gazprom.ru/
ОГК-2 ,http://www.ogk2.ru/
Росшельф,http://www.petrochrom.ru/
Севернефтегазпром,http://www.severneftegazprom.com/
СевКавНИПИгаз,http://www.sevcavnipigaz.ru/
ТГК-1 ,http://www.tgc1.ru/
ЦентрКаспнефтегаз,https://neftegaz.ru/catalogue/company/view/32931-TsENTRKASPNEFTEGAZOOO
Чеченгазпром,http://chechengazprom.gazprom.ru/
